<?xml version="1.0" encoding="UTF-8"?>
<beans xmlns="http://www.springframework.org/schema/beans"
	xmlns:xsi="http://www.w3.org/2001/XMLSchema-instance"
	xsi:schemaLocation="http://www.springframework.org/schema/beans http://www.springframework.org/schema/beans/spring-beans-4.1.xsd">
	<!-- beans안에 스프링컨테이너에서 관리할 DI대상 및 DI받을 객체들을 bean Element안에 정의한다. 싱글톤 레지스터리에 
		등록후 모든 빈을 싱글톤으로 관리한다. -->

	<bean id="str" class="java.lang.String">
		<constructor-arg value="나의첫번째 Spring" />
	</bean>
	<!-- 위에꺼 = String str= new String("나의첫번째 Spring") -->


	<!-- 내가 msg를 사용하려할때 property는 setter이고, ref(레퍼런스)는 str을 참조한다. -->
	<bean id="msg" class="ex1.Ex1_MessageApp">
		<property name="msg" ref="str"></property>
	</bean>


	<!-- <bean id="str1" class=""> -->
	<!-- <constructor-arg value="TodayApps"/> -->
	<!-- </bean> -->

	<bean id="str2" class="java.text.SimpleDateFormat">
		<constructor-arg value="yyyy-MM-dd" />
	</bean>

	<bean id="str3" class="java.util.Date">
		
	</bean>


	<bean id="msg3" class="ex1.TodayApps">
		<property name="sdf" ref="str2"></property>
		<property name="date" ref="str3"></property>
	</bean>


</beans>
