<?xml version="1.0" encoding="UTF-8"?>
<beans xmlns="http://www.springframework.org/schema/beans"
	xmlns:xsi="http://www.w3.org/2001/XMLSchema-instance"
	xsi:schemaLocation="http://www.springframework.org/schema/beans http://www.springframework.org/schema/beans/spring-beans-4.1.xsd">
	<bean id="svc" class="ex1.Ex2ServiceImple">
		<constructor-arg value="1000" type="int"></constructor-arg>
	</bean>
	<!-- svc2란 이름으로 빈을 생성해서 인자가 2개인 생성자를 만들어서 값을 주입시켜보시오. -->
	<bean id="svc2" class="ex1.Ex2ServiceImple">
		<constructor-arg value="1000" type="int"></constructor-arg>
		<constructor-arg value="ss" type="String"></constructor-arg>
	</bean>
</beans>
